ID,Name,Email,Phone,City,State,Country,Status
1,User 1,user1@example.com,03000000001,City A,State X,Country Y,Active
2,User 2,user2@example.com,03000000002,City A,State X,Country Y,Active
3,User 3,user3@example.com,03000000003,City A,State X,Country Y,Active
4,User 4,user4@example.com,03000000004,City A,State X,Country Y,Active
5,User 5,user5@example.com,03000000005,City A,State X,Country Y,Active
6,User 6,user6@example.com,03000000006,City A,State X,Country Y,Active
7,User 7,user7@example.com,03000000007,,State X,Country Y,Active
8,User 8,user8@example.com,03000000008,City A,State X,Country Y,Active
9,User 9,,03000000009,City A,State X,Country Y,Active
10,User 10,user10@example.com,03000000010,City A,State X,Country Y,Active
11,User 11,user11@example.com,03000000011,City A,State X,Country Y,Active
12,User 12,user12@example.com,03000000012,City A,State X,Country Y,Active
13,User 13,user13@example.com,03000000013,City A,State X,Country Y,Active
14,User 14,user14@example.com,03000000014,,State X,Country Y,Active
15,User 15,user15@example.com,03000000015,City A,State X,Country Y,Active
16,User 16,user16@example.com,03000000016,City A,State X,Country Y,Active
17,User 17,user17@example.com,03000000017,City A,State X,Country Y,Active
18,User 18,user18@example.com,03000000018,City A,State X,Country Y,Active
19,User 19,user19@example.com,03000000019,City A,State X,Country Y,Active
20,User 20,user20@example.com,03000000020,City A,State X,Country Y,Active
21,User 21,user21@example.com,03000000021,City A,State X,Country Y,Active
22,User 22,user22@example.com,03000000022,City A,State X,Country Y,Active
23,User 23,user23@example.com,03000000023,City A,State X,Country Y,Active
24,User 24,user24@example.com,03000000024,City A,State X,Country Y,Active
25,User 25,user25@example.com,03000000025,City A,State X,Country Y,Active
26,User 26,user26@example.com,03000000026,City A,State X,Country Y,Active
27,User 27,user27@example.com,03000000027,City A,State X,Country Y,Active
28,User 28,user28@example.com,03000000028,City A,State X,Country Y,Active
29,User 29,user29@example.com,03000000029,City A,State X,Country Y,Active
30,User 30,user30@example.com,03000000030,City A,State X,Country Y,Active
31,User 31,user31@example.com,03000000031,City A,State X,Country Y,Active
32,User 32,user32@example.com,03000000032,City A,State X,Country Y,Active
33,User 33,user33@example.com,03000000033,City A,State X,Country Y,Active
34,User 34,user34@example.com,03000000034,City A,State X,Country Y,Active
35,User 35,user35@example.com,03000000035,City A,State X,Country Y,Active
36,User 36,user36@example.com,03000000036,City A,State X,Country Y,Active
37,User 37,user37@example.com,03000000037,City A,State X,Country Y,Active
38,User 38,user38@example.com,03000000038,City A,State X,Country Y,Active
39,User 39,user39@example.com,03000000039,City A,State X,Country Y,Active
40,User 40,user40@example.com,03000000040,City A,State X,Country Y,Active
41,User 41,user41@example.com,03000000041,City A,State X,Country Y,Active
42,User 42,user42@example.com,03000000042,City A,State X,Country Y,Active
43,User 43,user43@example.com,03000000043,City A,State X,Country Y,Active
44,User 44,user44@example.com,03000000044,City A,State X,Country Y,Active
45,User 45,user45@example.com,03000000045,City A,State X,Country Y,Active
46,User 46,user46@example.com,03000000046,City A,State X,Country Y,Active
47,User 47,user47@example.com,03000000047,City A,State X,Country Y,Active
48,User 48,user48@example.com,03000000048,City A,State X,Country Y,Active
49,User 49,user49@example.com,03000000049,City A,State X,Country Y,Active
50,User 50,user50@example.com,03000000050,City A,State X,Country Y,Active
